{
  "logistic_regression": {
    "metrics": {
      "accuracy": 0.8524590163934426,
      "precision": 0.8742749054224465,
      "recall": 0.8524590163934426,
      "f1": 0.8519033064740206,
      "roc_auc": 0.961038961038961
    },
    "classification_report": "              precision    recall  f1-score   support\n\n           0       0.96      0.76      0.85        33\n           1       0.77      0.96      0.86        28\n\n    accuracy                           0.85        61\n   macro avg       0.87      0.86      0.85        61\nweighted avg       0.87      0.85      0.85        61\n"
  },
  "gradient_boosting": {
    "metrics": {
      "accuracy": 0.8688524590163934,
      "precision": 0.8766252119841718,
      "recall": 0.8688524590163934,
      "f1": 0.8689934778776661,
      "roc_auc": 0.948051948051948
    },
    "classification_report": "              precision    recall  f1-score   support\n\n           0       0.93      0.82      0.87        33\n           1       0.81      0.93      0.87        28\n\n    accuracy                           0.87        61\n   macro avg       0.87      0.87      0.87        61\nweighted avg       0.88      0.87      0.87        61\n"
  },
  "svm": {
    "metrics": {
      "accuracy": 0.8688524590163934,
      "precision": 0.8766252119841718,
      "recall": 0.8688524590163934,
      "f1": 0.8689934778776661,
      "roc_auc": 0.946969696969697
    },
    "classification_report": "              precision    recall  f1-score   support\n\n           0       0.93      0.82      0.87        33\n           1       0.81      0.93      0.87        28\n\n    accuracy                           0.87        61\n   macro avg       0.87      0.87      0.87        61\nweighted avg       0.88      0.87      0.87        61\n"
  },
  "metadata": {
    "best_model": "logistic_regression",
    "target_info": {
      "original_classes": [
        0,
        2,
        1,
        3,
        4
      ],
      "binary_distribution": {
        "0": 164,
        "1": 139
      },
      "multiclass_distribution": {
        "0": 164,
        "1": 55,
        "2": 36,
        "3": 35,
        "4": 13
      }
    },
    "feature_names": [
      "age",
      "sex",
      "cp",
      "trestbps",
      "chol",
      "fbs",
      "restecg",
      "thalach",
      "exang",
      "oldpeak",
      "slope",
      "ca",
      "thal",
      "age_group",
      "chol_age_ratio",
      "heart_rate_reserve",
      "risk_score",
      "age_sex_interaction",
      "cp_exang_interaction"
    ],
    "n_features": 19,
    "timestamp": "2025-12-27T10:25:38.956483"
  }
}